date,index_price,correlation,high_threshold,low_threshold,market_state,position_size,strategy_cumulative,optimized_position,optimized_state,optimized_cumulative,ma20,price_trend
2025-03-06,566.0626831054688,0.5469382882451663,0.5814514587908914,0.4314514587908914,過渡市場,0.5,1.8810434357060275,0.5,transition,1.901202548961747,590.8811798095703,downward
2025-03-07,569.2354125976562,0.5496563420255761,0.5814514587908914,0.4314514587908914,過渡市場,0.5,1.886314973790652,0.5,transition,1.9065305820380674,589.3788238525391,downward
2025-03-10,554.073486328125,0.5589470314502835,0.5814514587908914,0.4314514587908914,過渡市場,0.5,1.861193409038371,0.5,transition,1.8811397898669033,587.3926513671875,downward
2025-03-11,549.467529296875,0.5581807389262478,0.5814514587908914,0.4314514587908914,過渡市場,0.5,1.8534574524546268,0.5,transition,1.8733209271567226,584.9745513916016,downward
2025-03-12,552.3832397460938,0.5618718012656031,0.5814514587908914,0.4314514587908914,過渡市場,0.5,1.858375072671621,0.5,transition,1.8782912494331276,582.6795013427734,downward
2025-03-13,545.0197143554688,0.5641797017268538,0.5814514587908914,0.4314514587908914,過渡市場,0.5,1.8459885708298815,0.5,transition,1.8657720016437243,580.112646484375,downward
2025-03-14,556.2775268554688,0.5877664109189347,0.5819261116303364,0.43192611163033634,危機市場,0.0,1.8459885708298815,0.0,crisis,1.8850414985160477,577.7938720703125,downward
2025-03-17,560.5671997070312,0.603888414419318,0.5821340317749959,0.4321340317749959,危機市場,0.0,1.8459885708298815,0.0,crisis,1.8850414985160477,575.6910675048828,downward
2025-03-18,554.5083618164062,0.6025612244340185,0.5839518090281018,0.4339518090281018,危機市場,0.0,1.8459885708298815,0.0,crisis,1.8850414985160477,573.1968627929688,downward
2025-03-19,560.5474243164062,0.5684387710122777,0.5839518090281018,0.4339518090281018,過渡市場,0.5,1.8560407549998457,0.5,transition,1.8850414985160477,570.9334442138672,downward
2025-03-20,558.926513671875,0.5688537358358924,0.5839518090281018,0.4339518090281018,過渡市場,0.5,1.8533572387744952,0.5,transition,1.8823160521953783,568.7149993896485,downward
2025-03-21,559.11083984375,0.5603551645077677,0.5839518090281018,0.4339518090281018,過渡市場,0.5,1.85366284446378,0.5,transition,1.8826264329911295,567.0217132568359,downward
2025-03-24,569.1236572265625,0.570906492309827,0.5839518090281018,0.4339518090281018,過渡市場,0.5,1.87026097333936,0.5,transition,1.8994839085847557,565.9639831542969,upward
2025-03-25,570.4917602539062,0.5636251179314246,0.5839518090281018,0.4339518090281018,過渡市場,0.5,1.872508911609944,0.5,transition,1.9017669710200702,565.121435546875,upward
2025-03-26,563.6810302734375,0.5648322810808646,0.5839518090281018,0.4339518090281018,過渡市場,0.5,1.8613315787617704,0.5,transition,1.8904149917034652,563.9235229492188,downward
2025-03-27,562.18408203125,0.562491045066818,0.5839518090281018,0.4339518090281018,過渡市場,0.5,1.858860041770714,0.5,transition,1.8879048368048137,563.1197570800781,downward
2025-03-28,550.8626708984375,0.5663608892263845,0.5821340317749959,0.4321340317749959,過渡市場,0.5,1.840142935182419,0.5,transition,1.8688952743498735,561.2987182617187,downward
2025-03-31,554.5604858398438,0.5683848301764483,0.5821340317749959,0.4321340317749959,過渡市場,0.5,1.8463191642132797,0.5,transition,1.8751680073144643,560.1770294189453,downward
2025-04-01,556.1267700195312,0.5627157101822712,0.5821340317749959,0.4321340317749959,過渡市場,0.5,1.848926508742327,0.5,transition,1.8778160917516962,559.4751434326172,downward
2025-04-02,559.646240234375,0.5572875060992312,0.5819261116303364,0.43192611163033634,過渡市場,0.5,1.85477701093693,0.5,transition,1.8837580083794843,558.6428314208985,upward
2025-04-03,532.0663452148438,0.6367710635348363,0.5819261116303364,0.43192611163033634,危機市場,0.0,1.85477701093693,0.0,crisis,1.8373413219281025,556.9430145263672,downward
2025-04-04,500.9176330566406,0.7361746281323714,0.5819261116303364,0.43192611163033634,危機市場,0.0,1.85477701093693,0.0,crisis,1.8373413219281025,553.5271255493165,downward
2025-04-07,500.025390625,0.7349129160706145,0.5825578764295329,0.4325578764295329,危機市場,0.0,1.85477701093693,0.0,crisis,1.8373413219281025,550.8247207641601,downward
2025-04-08,492.1936340332031,0.7376025470507303,0.5892458922704431,0.4392458922704431,危機市場,0.0,1.85477701093693,0.0,crisis,1.8373413219281025,547.9610260009765,downward
2025-04-09,543.8834838867188,0.8122458309795791,0.6026939434325485,0.45269394343254843,危機市場,0.0,1.85477701093693,0.0,crisis,1.8373413219281025,547.5360382080078,downward
2025-04-10,520.051025390625,0.8248331433599069,0.6071766793308698,0.4571766793308698,危機市場,0.0,1.85477701093693,0.0,crisis,1.8373413219281025,546.2876037597656,downward
2025-04-11,529.3301391601562,0.8276114976464867,0.6465852487884142,0.49658524878841415,危機市場,0.0,1.85477701093693,0.0,crisis,1.8373413219281025,544.940234375,downward
2025-04-14,534.4654541015625,0.8292980170939941,0.7350390872767902,0.5850390872767902,危機市場,0.0,1.85477701093693,0.0,crisis,1.8373413219281025,543.6351470947266,downward
2025-04-15,532.9684448242188,0.830308740593412,0.7363174200242073,0.5863174200242073,危機市場,0.0,1.85477701093693,0.0,crisis,1.8373413219281025,542.5581512451172,downward
2025-04-16,521.1216430664062,0.8295521345390009,0.7450668754436153,0.5950668754436153,危機市場,0.0,1.85477701093693,0.0,crisis,1.8373413219281025,540.5868621826172,downward
2025-04-17,521.8651733398438,0.8310303635274172,0.8135045622176119,0.6635045622176119,危機市場,0.0,1.85477701093693,0.0,crisis,1.8373413219281025,538.7337951660156,downward
2025-04-21,509.443359375,0.8341696670309643,0.8251109787885649,0.6751109787885649,危機市場,0.0,1.85477701093693,0.0,crisis,1.8373413219281025,536.2504211425781,downward
2025-04-22,522.697998046875,0.8384109183076589,0.8277801495912375,0.6777801495912374,危機市場,0.0,1.85477701093693,0.0,crisis,1.8373413219281025,533.9291381835938,downward
2025-04-23,530.79736328125,0.8533322153161426,0.8293234288384947,0.6793234288384947,危機市場,0.0,1.85477701093693,0.0,crisis,1.8373413219281025,531.9444183349609,downward
2025-04-24,541.9701538085938,0.858878185216329,0.829627795144442,0.6796277951444419,危機市場,0.0,1.85477701093693,0.25,crisis_rebound,1.8373413219281025,530.8588745117188,upward
2025-04-25,545.8860473632812,0.8581124603813001,0.8303809028868125,0.6803809028868125,危機市場,0.0,1.85477701093693,0.25,crisis_rebound,1.8406601546118486,530.0439727783203,upward
2025-04-28,546.0941772460938,0.8584413092124322,0.831344293877772,0.681344293877772,危機市場,0.0,1.85477701093693,0.25,crisis_rebound,1.8408356016598761,529.8055480957031,upward
2025-04-29,549.5342407226562,0.8593542627738318,0.8345937921586337,0.6845937921586337,危機市場,0.0,1.85477701093693,0.25,crisis_rebound,1.8437346397669847,529.5542358398437,upward
2025-04-30,549.7523803710938,0.8571727582392407,0.8399030480085072,0.6899030480085072,危機市場,0.0,1.85477701093693,0.25,crisis_rebound,1.8439176090873322,529.2355163574218,upward
2025-05-01,553.6483764648438,0.849320850109583,0.849721986630239,0.699721986630239,危機市場,0.0,1.85477701093693,0.5,transition,1.8471844870758147,528.9356231689453,upward
2025-05-02,561.8668212890625,0.8510305440244627,0.8512607111536307,0.7012607111536306,危機市場,0.0,1.85477701093693,0.5,transition,1.860894437680311,530.4256469726563,upward
2025-05-05,558.6448364257812,0.853045430031334,0.8530741085598149,0.7030741085598149,危機市場,0.0,1.85477701093693,0.5,transition,1.855558855044719,533.3120071411133,upward
2025-05-06,553.9755249023438,0.8496047853978634,0.8530741085598149,0.7030741085598149,危機市場,0.0,1.85477701093693,0.5,transition,1.8478042122203886,536.0095138549805,upward
2025-05-07,556.3052978515625,0.8514578588840063,0.8530741085598149,0.7030741085598149,危機市場,0.0,1.85477701093693,0.5,transition,1.851689730691482,539.2150970458985,upward
2025-05-08,560.1815185546875,0.8492846289795594,0.8530741085598149,0.7030741085598149,危機市場,0.0,1.85477701093693,0.5,transition,1.8581408269668453,540.0299987792969,upward
2025-05-09,559.4677124023438,0.8493228558131479,0.8530741085598149,0.7030741085598149,危機市場,0.0,1.85477701093693,0.5,transition,1.8569569675299686,542.0008331298828,upward
2025-05-12,577.9567260742188,0.8540757395082419,0.8534065677353525,0.7034065677353525,危機市場,0.0,1.85477701093693,0.25,crisis_rebound,1.8876408676010903,544.432162475586,upward
2025-05-13,581.7735595703125,0.8451553727004902,0.8534065677353525,0.7034065677353525,危機市場,0.0,1.85477701093693,0.5,transition,1.8907573686153591,546.7975677490234,upward
2025-05-14,582.51708984375,0.8420428086991195,0.8534065677353525,0.7034065677353525,危機市場,0.0,1.85477701093693,0.5,transition,1.8919656010282666,549.275,upward
2025-05-15,585.3622436523438,0.8426529000532642,0.8534065677353525,0.7034065677353525,危機市場,0.0,1.85477701093693,0.5,transition,1.896586008935044,552.4870300292969,upward
2025-05-16,589.0698852539062,0.8432475963179796,0.8534065677353525,0.7034065677353525,危機市場,0.0,1.85477701093693,0.5,transition,1.902592427408325,555.847265625,upward
2025-05-19,589.7142944335938,0.8418120686717323,0.8534065677353525,0.7034065677353525,危機市場,0.0,1.85477701093693,0.5,transition,1.9036330917302648,559.8608123779297,upward
2025-05-20,587.7315673828125,0.8433716732228974,0.8534065677353525,0.7034065677353525,危機市場,0.0,1.85477701093693,0.5,transition,1.9004329108449083,563.1124908447266,upward
2025-05-21,577.827880859375,0.8469186042299296,0.8534065677353525,0.7034065677353525,危機市場,0.0,1.85477701093693,0.5,transition,1.884421101328156,565.4640167236328,upward
2025-05-22,578.0558471679688,0.847313154871388,0.8534065677353525,0.7034065677353525,危機市場,0.0,1.85477701093693,0.5,transition,1.884792824930059,567.2683013916015,upward
2025-05-23,574.1102294921875,0.8517779570816616,0.8534065677353525,0.7034065677353525,危機市場,0.0,1.85477701093693,0.5,transition,1.8783603392786605,568.6795104980469,upward
2025-05-27,586.0463256835938,0.8521541236321764,0.8534065677353525,0.7034065677353525,危機市場,0.0,1.85477701093693,0.5,transition,1.8978864586021083,570.6771179199219,upward
2025-05-28,582.6558227539062,0.8555562656388875,0.8542237921213065,0.7042237921213065,危機市場,0.0,1.85477701093693,0.25,crisis_rebound,1.8923964577983332,572.3331970214844,upward
2025-05-29,584.9557495117188,0.859279254366238,0.8557179148989229,0.7057179148989229,危機市場,0.0,1.85477701093693,0.25,crisis_rebound,1.8942639295885868,574.0933654785156,upward
2025-05-30,584.301513671875,0.8609775498417802,0.8572667284534466,0.7072667284534466,危機市場,0.0,1.85477701093693,0.25,crisis_rebound,1.8937342761259555,575.6260223388672,upward
2025-06-02,587.5928344726562,0.863078320136747,0.8581453452644133,0.7081453452644133,危機市場,0.0,1.85477701093693,0.25,crisis_rebound,1.8964010872107826,576.9123229980469,upward
2025-06-03,590.9436645507812,0.8640043105013165,0.8584849968128219,0.7084849968128218,危機市場,0.0,1.85477701093693,0.25,crisis_rebound,1.8991047101237977,578.5272644042968,upward
2025-06-04,590.7849731445312,0.8673702944708752,0.8589182921313199,0.7089182921313198,危機市場,0.0,1.85477701093693,0.25,crisis_rebound,1.898977214215497,580.3677368164062,upward
2025-06-05,587.9298095703125,0.8677578353759742,0.8592867552069974,0.7092867552069974,危機市場,0.0,1.85477701093693,0.25,crisis_rebound,1.8966828555161548,581.9489624023438,upward
2025-06-06,593.96728515625,0.8693311881470528,0.8595165914806266,0.7095165914806266,危機市場,0.0,1.85477701093693,0.25,crisis_rebound,1.9015521342327815,583.6382507324219,upward
2025-06-09,594.5026245117188,0.8690860660094764,0.8611876268712769,0.7111876268712769,危機市場,0.0,1.85477701093693,0.25,crisis_rebound,1.9019805987793021,585.3899963378906,upward
2025-06-10,597.8732299804688,0.8661526629188814,0.863170919173204,0.713170919173204,危機市場,0.0,1.85477701093693,0.25,crisis_rebound,1.9046764767886581,586.3858215332032,upward
2025-06-11,596.1681518554688,0.8650896342199221,0.8641128428731771,0.7141128428731771,危機市場,0.0,1.85477701093693,0.25,crisis_rebound,1.9033184873216098,587.1055511474609,upward
2025-06-12,598.5374755859375,0.8657846686800584,0.8651591376659358,0.7151591376659358,危機市場,0.0,1.85477701093693,0.25,crisis_rebound,1.9052095551539887,587.9065704345703,upward
2025-06-13,591.8457641601562,0.8614985307247862,0.8651591376659358,0.7151591376659358,危機市場,0.0,1.85477701093693,0.5,transition,1.8998844447520664,588.230746459961,upward
2025-06-16,597.4766845703125,0.8611018694151799,0.8651591376659358,0.7151591376659358,危機市場,0.0,1.85477701093693,0.5,transition,1.9089223552557206,588.6510864257813,upward
2025-06-17,592.3712158203125,0.859893133815129,0.8651591376659358,0.7151591376659358,危機市場,0.0,1.85477701093693,0.5,transition,1.900766435800936,588.7839324951171,upward
2025-06-18,592.281982421875,0.8590673128215986,0.8651591376659358,0.7151591376659358,危機市場,0.0,1.85477701093693,0.5,transition,1.9006232723215393,589.0114532470703,upward
2025-06-20,590.8909301757812,0.8597146094370615,0.8651591376659358,0.7151591376659358,危機市場,0.0,1.85477701093693,0.5,transition,1.8983913402770003,589.6646057128906,upward
2025-06-23,596.7274780273438,0.8575981069508724,0.8651591376659358,0.7151591376659358,危機市場,0.0,1.85477701093693,0.5,transition,1.907767056955561,590.5981872558593,upward
2025-06-24,603.3196411132812,0.8561251945378258,0.8651591376659358,0.7151591376659358,危機市場,0.0,1.85477701093693,0.5,transition,1.918304791543387,592.0586578369141,upward
2025-06-25,603.65771484375,0.8566275368598747,0.8651591376659358,0.7151591376659358,危機市場,0.0,1.85477701093693,0.5,transition,1.918842258263231,592.9392272949219,upward
2025-06-26,608.380615234375,0.8581827329096209,0.8651591376659358,0.7151591376659358,危機市場,0.0,1.85477701093693,0.5,transition,1.9263485823176207,594.2254669189454,upward
2025-06-27,611.4032592773438,0.8602055993352885,0.8651591376659358,0.7151591376659358,危機市場,0.0,1.85477701093693,0.5,transition,1.9311339633120337,595.5478424072265,upward
2025-06-30,614.3265380859375,0.8600218471112742,0.8651591376659358,0.7151591376659358,危機市場,0.0,1.85477701093693,0.5,transition,1.9357505914587154,597.0490936279297,upward
2025-07-01,614.127685546875,0.8544559472660964,0.8651591376659358,0.7151591376659358,危機市場,0.0,1.85477701093693,0.5,transition,1.935437298042072,598.3758361816406,upward
2025-07-02,616.9116821289062,0.8211520589703264,0.8651591376659358,0.7151591376659358,危機市場,0.0,1.85477701093693,0.5,transition,1.9398242121556142,599.6742370605468,upward
2025-07-03,621.7738037109375,0.8211925107987136,0.8651591376659358,0.7151591376659358,危機市場,0.0,1.85477701093693,0.5,transition,1.947468467760177,601.2236785888672,upward
2025-07-07,617.140380859375,0.8206409558966516,0.8651591376659358,0.7151591376659358,危機市場,0.0,1.85477701093693,0.5,transition,1.9402122558971469,602.6842071533204,upward
2025-07-08,616.8023681640625,0.7346755230186532,0.8651591376659358,0.7151591376659358,危機市場,0.0,1.85477701093693,0.5,transition,1.9396809210546746,603.825961303711,upward
2025-07-09,620.5010986328125,0.6793836354704889,0.8651591376659358,0.7151591376659358,過渡市場,0.5,1.8603382089779732,1.0,normal,1.9454966874108517,605.1258850097656,upward
2025-07-10,622.2510986328125,0.6676722942507671,0.8651591376659358,0.7151591376659358,過渡市場,0.5,1.862961566029947,1.0,normal,1.9509835740746635,606.3447784423828,upward
2025-07-11,620.0635986328125,0.6661946418399142,0.8651591376659358,0.7151591376659358,過渡市場,0.5,1.8596869808708012,1.0,normal,1.9441249657448987,607.53955078125,upward
2025-07-14,621.2467651367188,0.6646935345821731,0.8651591376659358,0.7151591376659358,過渡市場,0.5,1.861461249952528,1.0,normal,1.9478346231799568,608.675015258789,upward
2025-07-15,618.592041015625,0.6697431391996069,0.8651591376659358,0.7151591376659358,過渡市場,0.5,1.857484033202238,1.0,normal,1.9395110972507403,610.0123291015625,upward
2025-07-16,620.66015625,0.6717821812951392,0.8651591376659358,0.7151591376659358,過渡市場,0.5,1.8605890610493203,1.0,normal,1.945995390907151,611.1715026855469,upward
2025-07-17,624.4583740234375,0.6392787394238285,0.8651591376659358,0.7151591376659358,過渡市場,0.5,1.8662821302511832,1.0,normal,1.9579041854484809,612.7758605957031,upward
2025-07-18,624.0010375976562,0.6190609006332106,0.8651591376659358,0.7151591376659358,過渡市場,0.5,1.8655987229702071,1.0,normal,1.9564702693710554,614.3618133544921,upward
2025-07-21,625.1842651367188,0.6197496987809339,0.8651591376659358,0.7151591376659358,過渡市場,0.5,1.8673674922933772,1.0,normal,1.9601801181735339,616.0764801025391,upward
2025-07-22,625.2737426757812,0.5973844525121457,0.8651591376659358,0.7151591376659358,過渡市場,0.5,1.86750112285404,1.0,normal,1.9604606628111296,617.503793334961,upward
2025-07-23,630.59326171875,0.6052207653304927,0.8651591376659358,0.7151591376659358,過渡市場,0.5,1.8754450097533009,1.0,normal,1.977139290293849,618.8674743652343,upward
2025-07-24,630.802001953125,0.6034218593544348,0.8651591376659358,0.7151591376659358,過渡市場,0.5,1.875755416519959,1.0,normal,1.9777937668699594,620.2246887207032,upward
2025-07-25,633.4667358398438,0.6026643833513656,0.8651591376659358,0.7151591376659358,過渡市場,0.5,1.8797173483195733,1.0,normal,1.986148677056042,621.4789947509765,upward
2025-07-28,633.3076782226562,0.6049946246155766,0.8651591376659358,0.7151591376659358,過渡市場,0.5,1.8794813585307697,1.0,normal,1.9856499735597426,622.5742156982421,upward
2025-07-29,631.63720703125,0.6134559765527919,0.8651591376659358,0.7151591376659358,過渡市場,0.5,1.8770026111760705,1.0,normal,1.9804124386440805,623.4397491455078,upward
2025-07-30,630.841796875,0.6011501002371944,0.8651591376659358,0.7151591376659358,過渡市場,0.5,1.8758207721998212,1.0,normal,1.977918538427744,624.2754547119141,upward
2025-07-31,628.4754028320312,0.6014591558816355,0.8651591376659358,0.7151591376659358,過渡市場,0.5,1.872302512056787,1.0,normal,1.9704990321902074,624.8536407470704,upward
2025-08-01,618.1743774414062,0.6045549596072217,0.8651591376659358,0.7151591376659358,過渡市場,0.5,1.8569585259367904,0.5,transition,1.9382015699962603,624.6736694335938,downward
2025-08-04,627.5704956054688,0.6071362624733236,0.8651591376659358,0.7151591376659358,過渡市場,0.5,1.8710712119135875,1.0,normal,1.9529316944094015,625.1951751708984,upward
2025-08-05,624.3887329101562,0.6075435042075427,0.8651591376659358,0.7151591376659358,過渡市場,0.5,1.8663280757846368,0.5,transition,1.9430303920771905,625.5744934082031,downward
2025-08-06,629.17138671875,0.6020297294927907,0.8651591376659358,0.7151591376659358,過渡市場,0.5,1.873475867384058,1.0,normal,1.9504719434818496,626.0080078125,upward
2025-08-07,628.6443481445312,0.5422805496874877,0.8651591376659358,0.7151591376659358,正常市場,1.0,1.8719065111310205,1.0,normal,1.948838089854927,626.327670288086,upward
2025-08-08,633.5462646484375,0.5605088003765234,0.8651591376659358,0.7151591376659358,過渡市場,0.5,1.8792046992462608,1.0,normal,1.9640343476822615,627.0018035888672,upward
2025-08-11,632.29345703125,0.5661456306953313,0.8651591376659358,0.7151591376659358,過渡市場,0.5,1.8773466802720848,1.0,normal,1.9601505631372456,627.5541381835938,upward
2025-08-12,639.02490234375,0.5724278867795789,0.8651591376659358,0.7151591376659358,過渡市場,0.5,1.8873398696450931,1.0,normal,1.9810184784593112,628.57578125,upward
2025-08-13,641.2123413085938,0.572611831409285,0.8651591376659358,0.7151591376659358,過渡市場,0.5,1.8905701355984408,1.0,normal,1.9877996805595173,629.6033905029296,upward
2025-08-14,641.27197265625,0.5705248635374554,0.8651591376659358,0.7151591376659358,過渡市場,0.5,1.8906580450457189,1.0,normal,1.9879845415894541,630.4440704345703,upward
2025-08-15,639.7706298828125,0.5624196259482365,0.8651591376659358,0.7151591376659358,過渡市場,0.5,1.8884448454096787,1.0,normal,1.9833302820046201,631.2325500488281,upward
2025-08-18,639.63134765625,0.5223122768219088,0.8651591376659358,0.7151591376659358,正常市場,1.0,1.8880337186862508,1.0,normal,1.9828984981046043,631.9549041748047,upward
2025-08-19,636.1612548828125,0.513319943332185,0.8651591376659358,0.7151591376659358,正常市場,1.0,1.8777908620982704,1.0,normal,1.9721409863379502,632.4992797851562,upward
2025-08-20,634.470947265625,0.5093465345093704,0.8651591376659358,0.7151591376659358,正常市場,1.0,1.8728014915993167,1.0,normal,1.9669009235303077,632.6931640625,upward
2025-08-21,631.925537109375,0.481568393577415,0.8651591376659358,0.7151591376659358,正常市場,1.0,1.8652880696563552,0.5,transition,1.9590099876116995,632.7493408203125,downward
2025-08-22,641.6299438476562,0.4974643524501648,0.8651591376659358,0.7151591376659358,正常市場,1.0,1.893933080894247,1.0,normal,1.9740521315097779,633.1575012207031,upward
2025-08-25,638.8060302734375,0.5006756150442777,0.8651591376659358,0.7151591376659358,正常市場,1.0,1.8855975856651324,1.0,normal,1.965364019828211,633.4324188232422,upward
2025-08-26,641.4807739257812,0.5003641819429422,0.8651591376659358,0.7151591376659358,正常市場,1.0,1.893492768136991,1.0,normal,1.973593192202069,633.9245971679687,upward
2025-08-27,642.9423828125,0.5009333193891192,0.8651591376659358,0.7151591376659358,正常市場,1.0,1.8978070764831472,1.0,normal,1.978090008733041,634.5296264648438,upward
2025-08-28,645.2192993164062,0.4968353553670502,0.8651591376659358,0.7151591376659358,正常市場,1.0,1.9045279714951884,1.0,normal,1.9850952177649828,635.3668212890625,upward
2025-08-29,641.3713989257812,0.4901687579460018,0.8618576410742999,0.7118576410742998,正常市場,1.0,1.8931699201578571,1.0,normal,1.9732566867849604,636.5266723632812,upward
2025-09-02,636.61865234375,0.4915986420454376,0.8611415355461405,0.7111415355461405,正常市場,1.0,1.879140986403866,0.5,transition,1.9586342870501185,636.9790802001953,downward
2025-09-03,640.06884765625,0.4741407145956007,0.8602952263432776,0.7102952263432776,正常市場,1.0,1.8893251106027849,1.0,normal,1.9639417586512122,637.7630859375,upward
2025-09-04,645.4181518554688,0.4794223492898055,0.8600402223336756,0.7100402223336756,正常市場,1.0,1.9051149350643943,1.0,normal,1.9803551834492523,638.5754241943359,upward
2025-09-05,643.5488891601562,0.4752997549576023,0.8599060051447435,0.7099060051447434,正常市場,1.0,1.899597333385296,1.0,normal,1.9746196706545651,639.3206512451172,upward
2025-09-08,645.1298217773438,0.4770946863413839,0.8597324618748682,0.7097324618748682,正常市場,1.0,1.904263855905116,1.0,normal,1.9794704919308659,639.8998291015625,upward
2025-09-09,646.6212768554688,0.4761300363443279,0.8591320424831449,0.7091320424831449,正常市場,1.0,1.908666262834864,1.0,normal,1.984046766686008,640.6162200927735,upward
2025-09-10,648.4906005859375,0.4729096938613665,0.8582711909008187,0.7082711909008187,正常市場,1.0,1.9141840446746656,1.0,normal,1.9897824667566306,641.0895050048828,upward
2025-09-11,653.8796997070312,0.4776843195713489,0.8576565695467472,0.7076565695467472,正常市場,1.0,1.9300913339143972,1.0,normal,2.00631799546449,641.7228729248047,upward
2025-09-12,653.660888671875,0.4754487086193241,0.8567245938689745,0.7067245938689745,正常市場,1.0,1.9294454577954272,1.0,normal,2.0056466112364175,642.342318725586,upward
2025-09-15,657.1409301757812,0.4716760419853306,0.8561754287700306,0.7061754287700306,正常市場,1.0,1.939717680577938,1.0,normal,2.01632452323977,643.2108337402344,upward
2025-09-16,656.2361450195312,0.470897347152425,0.8546228719932694,0.7046228719932693,正常市場,1.0,1.9370469783219804,1.0,normal,2.013548344774791,644.0410736083984,upward
2025-09-17,655.4208374023438,0.4784935911349416,0.8245188544454519,0.6745188544454519,正常市場,1.0,1.934640391656095,1.0,normal,2.011046712830971,645.004052734375,upward
2025-09-18,658.4832763671875,0.4758391675490051,0.8211561041531651,0.6711561041531651,正常市場,1.0,1.9436799549111328,1.0,normal,2.020443282884959,646.2046691894532,upward
2025-09-19,661.74462890625,0.4745609585378342,0.8206920662040191,0.6706920662040191,正常市場,1.0,1.953306661896079,1.0,normal,2.0304501852121097,647.6956237792969,upward
2025-09-22,664.8753662109375,0.4661669526316879,0.7432720663064533,0.5932720663064532,正常市場,1.0,1.962547824977373,1.0,normal,2.0400563170377053,648.8578948974609,upward
2025-09-23,661.256103515625,0.463344215757593,0.6849128242253054,0.5349128242253054,正常市場,1.0,1.9518646556321368,1.0,normal,2.0289512286259193,649.9803985595703,upward
2025-09-24,659.1522216796875,0.4620812498718746,0.6725423267126742,0.5225423267126742,正常市場,1.0,1.9456545162120835,1.0,normal,2.022495827135915,650.8639709472657,upward
2025-09-25,656.1112670898438,0.4707209003370178,0.6699470434091601,0.5199470434091601,正常市場,1.0,1.936678369524376,1.0,normal,2.013165178211155,651.5224151611328,upward
2025-09-26,659.8701782226562,0.4770666587690187,0.6678793787456511,0.517879378745651,正常市場,1.0,1.9477737465572555,1.0,normal,2.0246987539629218,652.2549591064453,upward
2025-09-29,661.7246704101562,0.4704894670611925,0.6663424070809995,0.5163424070809994,正常市場,1.0,1.9532477493463152,1.0,normal,2.030388945981265,653.2726226806641,upward
2025-09-30,664.21728515625,0.4539452611124456,0.6648436453079472,0.5148436453079471,正常市場,1.0,1.960605332281492,1.0,normal,2.038037107903235,654.652554321289,upward
2025-10-01,666.4806518554688,0.4514245569976852,0.641820218939663,0.491820218939663,正常市場,1.0,1.967286231617547,1.0,normal,2.0449818614121944,655.97314453125,upward
2025-10-02,667.248291015625,0.4500879822455779,0.6217026028452234,0.47170260284522336,正常市場,1.0,1.9695521127746691,1.0,normal,2.04733723085054,657.0646514892578,upward
2025-10-03,667.2384033203125,0.4477898768998701,0.619129780447983,0.4691297804479829,正常市場,1.0,1.9695229267408412,1.0,normal,2.0473068921490207,658.2491271972656,upward
2025-10-06,669.6312866210938,0.4450580540023126,0.6140164689608338,0.4640164689608338,正常市場,1.0,1.9765861270879015,1.0,normal,2.0546490451926998,659.4742004394532,upward
2025-10-07,667.1486206054688,0.4479009905860457,0.6081347514420676,0.4581347514420676,正常市場,1.0,1.9692579103472556,1.0,normal,2.0470314092481856,660.5005676269532,upward
2025-10-08,671.1268920898438,0.4388803720357402,0.6071769866467456,0.45717698664674555,正常市場,1.0,1.981000784945429,1.0,normal,2.0592380547114426,661.6323822021484,upward
2025-10-09,669.1826171875,0.4439232973134675,0.6054123150447759,0.45541231504477586,正常市場,1.0,1.975261765762784,1.0,normal,2.053272379792264,662.3975280761719,upward
2025-10-10,651.0960693359375,0.5222752617831642,0.6050172386870682,0.4550172386870682,過渡市場,0.5,1.948568255255905,0.5,transition,1.997776901882982,662.269287109375,downward
2025-10-13,661.0865478515625,0.5304768022681798,0.6045989261080572,0.4545989261080572,過渡市場,0.5,1.963517761332802,0.5,transition,2.013103938980311,662.4665679931641,downward
2025-10-14,660.2789306640625,0.5200822881410878,0.6035351693797135,0.4535351693797135,過渡市場,0.5,1.9623183943987996,0.5,transition,2.0118742835391075,662.6687072753906,downward
2025-10-15,663.2102661132812,0.5231507725546833,0.6035351693797135,0.4535351693797135,過渡市場,0.5,1.9666742909790296,0.5,transition,2.0163401828225958,663.0581787109375,upward
2025-10-16,658.6936645507812,0.5130322992678188,0.6027401309516726,0.45274013095167254,正常市場,1.0,1.9532808249405424,0.5,transition,2.009474332212623,663.0686981201172,downward
2025-10-17,662.4326171875,0.5146398559230724,0.6020931948786482,0.4520931948786482,正常市場,1.0,1.964368261914214,0.5,transition,2.0151775367196603,663.1030975341797,downward
2025-10-20,669.3222045898438,0.5270475240575893,0.601516213242751,0.45151621324275093,過渡市場,0.5,1.974583404163933,0.5,transition,2.0256568982503595,663.325439453125,upward
2025-10-21,669.3121948242188,0.528106687485627,0.6011810058016385,0.45118100580163845,過渡市場,0.5,1.9745686391397437,0.5,transition,2.025641751322132,663.7282440185547,upward
2025-10-22,665.83251953125,0.5240814530432815,0.575465658292076,0.42546565829207594,過渡市場,0.5,1.9694358642097347,0.5,transition,2.0203762148437976,664.0622589111329,upward
2025-10-23,669.7808837890625,0.5260441429535841,0.5724462812425495,0.42244628124254946,過渡市場,0.5,1.975275208148488,0.5,transition,2.026366596058311,664.7457397460937,upward
2025-10-24,675.2546997070312,0.5168109731234719,0.5707151658616677,0.4207151658616677,過渡市場,0.5,1.983346723130795,0.5,transition,2.0346468844314245,665.5149658203125,upward
2025-10-27,683.2211303710938,0.4993693165162179,0.5665835539795437,0.4165835539795437,正常市場,1.0,2.0067455890098063,0.5,transition,2.0466489285028735,666.5897888183594,upward
2025-10-28,685.0357666015625,0.487983817725012,0.5627922264229459,0.4127922264229459,正常市場,1.0,2.012075507961775,0.5,transition,2.049366879640226,667.630712890625,upward
2025-10-29,685.3648071289062,0.4815440684702937,0.5606998829336947,0.41069988293369464,正常市場,1.0,2.0130419602529885,0.5,transition,2.0498590617945553,668.5749206542969,upward
2025-10-30,677.8270874023438,0.4878244377959025,0.5441033747563914,0.39410337475639134,正常市場,1.0,1.9909022969140404,0.5,transition,2.038586770800005,669.1038604736328,upward
2025-10-31,680.050537109375,0.4871625463954346,0.5334800020790142,0.3834800020790142,正常市場,1.0,1.9974329759191625,0.5,transition,2.041930319060716,669.7444671630859,upward
2025-11-03,681.3267822265625,0.4840919958048172,0.5283436989638822,0.3783436989638822,正常市場,1.0,2.00118154156733,0.5,transition,2.0438463557794098,670.3292419433594,upward
2025-11-04,673.2506103515625,0.4815730304475004,0.527153440400393,0.377153440400393,正常市場,1.0,1.9774603456531483,0.5,transition,2.031732892103856,670.6343414306641,upward
2025-11-05,675.583740234375,0.4739828104901177,0.5261444810639847,0.3761444810639847,正常市場,1.0,1.984313175422008,0.5,transition,2.0352533469326937,670.8571838378906,upward
2025-11-06,668.3351440429688,0.4669746530589455,0.5242777220343118,0.37427772203431176,正常市場,1.0,1.9630227208575877,0.5,transition,2.0243348413644533,670.814810180664,downward
2025-11-07,668.9931640625,0.4685779313708952,0.5232438406035431,0.3732438406035431,正常市場,1.0,1.9649554461685823,0.5,transition,2.02533138693274,671.7096649169922,downward
2025-11-10,679.432373046875,0.4797152349892037,0.5223961263951863,0.37239612639518627,正常市場,1.0,1.995617314853422,0.5,transition,2.04113338517919,672.6269561767579,upward
2025-11-11,680.9877319335938,0.4753224562234087,0.5223628128603162,0.37236281286031614,正常市場,1.0,2.0001856887612295,0.5,transition,2.0434696699041734,673.6623962402343,upward
2025-11-12,681.3666381835938,0.4755631124079268,0.5223628128603162,0.37236281286031614,正常市場,1.0,2.001298605812584,0.5,transition,2.0440381701820076,674.57021484375,upward
2025-11-13,670.0599975585938,0.4869480105909351,0.5223628128603162,0.37236281286031614,正常市場,1.0,1.9680889315327297,0.5,transition,2.0270787215394668,675.1385314941406,downward
2025-11-14,669.9503784179688,0.4833610488876577,0.5223628128603162,0.37236281286031614,正常市場,1.0,1.967766960040424,0.5,transition,2.0269129105462396,675.5144195556641,downward
2025-11-17,663.7088012695312,0.477849683819447,0.5223628128603162,0.37236281286031614,正常市場,1.0,1.9494343048365543,0.5,transition,2.0174710670068623,675.2337493896484,downward
2025-11-18,658.1353149414062,0.4695713948974304,0.5223628128603162,0.37236281286031614,正常市場,1.0,1.933063954729999,0.5,transition,2.0090002230254034,674.6749053955078,downward
2025-11-19,660.6777954101562,0.466417962728671,0.5223628128603162,0.37236281286031614,正常市場,1.0,1.9405316855114467,0.5,transition,2.0128807653035605,674.4171691894531,downward
2025-11-20,650.6075439453125,0.4842223502220201,0.5223628128603162,0.37236281286031614,正常市場,1.0,1.9109535126345063,0.5,transition,1.9975402955494876,673.4585021972656,downward
2025-11-21,657.08837890625,0.4940850105624137,0.5223628128603162,0.37236281286031614,正常市場,1.0,1.9299889118527624,0.5,transition,2.0074892494954986,672.5501861572266,downward
2025-11-24,666.759765625,0.4970806305434344,0.5223628128603162,0.37236281286031614,正常市場,1.0,1.9583955459200049,0.5,transition,2.02226291274147,671.7271179199219,downward
2025-11-25,673.03125,0.4977312468464165,0.5223628128603162,0.37236281286031614,正常市場,1.0,1.976816044125673,0.5,transition,2.0317735272935584,671.1268920898438,upward
2025-11-26,677.6775512695312,0.502848303079785,0.5223628128603162,0.37236281286031614,過渡市場,0.5,1.9836395630153612,0.5,transition,2.0387867469020566,670.742529296875,upward
2025-11-28,681.3765869140625,0.5001170268855076,0.5223628128603162,0.37236281286031614,過渡市場,0.5,1.9890533128405916,0.5,transition,2.0443510044418414,670.9200042724609,upward
2025-12-01,678.2658081054688,0.501531675519175,0.5223628128603162,0.37236281286031614,過渡市場,0.5,1.984512868530074,0.5,transition,2.039684331192363,670.8307678222657,upward
2025-12-02,679.5220947265625,0.4972044681656297,0.5223628128603162,0.37236281286031614,正常市場,1.0,1.9881885911396011,0.5,transition,2.0415732868981573,670.7405334472656,upward
2025-12-03,681.8751220703125,0.5014977445562275,0.5223628128603162,0.37236281286031614,過渡市場,0.5,1.991630909024324,0.5,transition,2.04510803419013,671.1717590332031,upward
2025-12-04,682.3736572265625,0.5050628359783552,0.5223628128603162,0.37236281286031614,過渡市場,0.5,1.9923589734413156,0.5,transition,2.0458556478076186,671.5112548828125,upward
2025-12-05,683.6697998046875,0.5008892131399637,0.5223628128603162,0.37236281286031614,過渡市場,0.5,1.9942511781513297,0.5,transition,2.047798659957735,672.2779876708985,upward
2025-12-08,681.6159057617188,0.500374165393516,0.5223628128603162,0.37236281286031614,過渡市場,0.5,1.9912555941602283,0.5,transition,2.044722641776086,672.9091247558594,upward
2025-12-09,681.027587890625,0.5018707488931211,0.5223628128603162,0.37236281286031614,過渡市場,0.5,1.990396245631198,0.5,transition,2.0438402189471745,672.9888854980469,upward
2025-12-10,685.5443115234375,0.5092093336980674,0.5223628128603162,0.37236281286031614,過渡市場,0.5,1.9969966168357984,0.5,transition,2.050617816200763,673.2167144775391,upward
2025-12-11,687.1395263671875,0.5054523187986517,0.5223628128603162,0.37236281286031614,過渡市場,0.5,1.9993200542799925,0.5,transition,2.053003640081346,673.5053588867188,upward
2025-12-12,679.7514038085938,0.5089500705670887,0.5223628128603162,0.37236281286031614,過渡市場,0.5,1.9885717120379385,0.5,transition,2.041966694945654,673.9899291992188,upward
2025-12-15,678.7244262695312,0.510109096358979,0.5223628128603162,0.37236281286031614,過渡市場,0.5,1.9870695316293097,0.5,transition,2.0404241796088165,674.4286315917968,upward
2025-12-16,676.8699340820312,0.5127844020133648,0.5223628128603162,0.37236281286031614,過渡市場,0.5,1.9843548769183543,0.5,transition,2.0376366339173577,675.0866882324219,upward
2025-12-17,669.4219360351562,0.5058147941296101,0.5223628128603162,0.37236281286031614,過渡市場,0.5,1.973437364924238,0.5,transition,2.0264259766658728,675.6510192871094,downward
2025-12-18,674.4769287109375,0.5022845416114772,0.5223628128603162,0.37236281286031614,過渡市場,0.5,1.9808883542695297,0.5,transition,2.034077031941062,676.3409759521485,downward
2025-12-19,680.5900268554688,0.5061071326129954,0.5223628128603162,0.37236281286031614,過渡市場,0.5,1.9898652105618215,0.5,transition,2.043294925096842,677.8401000976562,upward
2025-12-22,684.8300170898438,0.5066293325144462,0.5223628128603162,0.37236281286031614,過渡市場,0.5,1.996063515508697,0.5,transition,2.049659660243188,679.227182006836,upward
2025-12-23,687.9600219726562,0.5081257864790458,0.5223628128603162,0.37236281286031614,過渡市場,0.5,2.0006250040489446,0.5,transition,2.0543436289540855,680.2871948242188,upward
2025-12-24,690.3800048828125,0.5138836404493785,0.5223628128603162,0.37236281286031614,過渡市場,0.5,2.004143724733867,0.5,transition,2.057956830531847,681.1546325683594,upward
2025-12-26,690.3099975585938,0.5242047505443596,0.5232438406035431,0.3732438406035431,過渡市場,0.5,2.004042110594896,0.25,crisis_rebound,2.0578524879596087,681.7862548828125,upward
2025-12-29,687.8499755859375,0.5246460189985725,0.5240937827933893,0.37409378279338923,過渡市場,0.5,2.000471260075834,0.25,crisis_rebound,2.056019122386616,682.1099243164062,upward
2025-12-30,687.010009765625,0.5257383852841638,0.5242488773897809,0.37424887738978085,過渡市場,0.5,1.9992498255024371,0.25,crisis_rebound,2.0553914470758614,682.5471343994141,upward
2025-12-31,681.9199829101562,0.5317566660369192,0.5247552556271317,0.37475525562713163,過渡市場,0.5,1.9918436486214992,0.0,crisis,2.051584370935993,682.6670288085937,downward
2026-01-02,683.1699829101562,0.530342083185557,0.5257689610511058,0.3757689610511058,過渡市場,0.5,1.9936692327246015,0.25,crisis_rebound,2.051584370935993,682.7317718505859,upward
2026-01-05,687.719970703125,0.5345088141215598,0.5261444810639847,0.3761444810639847,過渡市場,0.5,2.0003082617357073,0.25,crisis_rebound,2.0550003157511623,682.9990875244141,upward
2026-01-06,691.8099975585938,0.5247253525981611,0.5261444810639847,0.3761444810639847,過渡市場,0.5,2.0062564054993315,0.5,transition,2.058055704149592,683.4060974121094,upward
2026-01-07,689.5800170898438,0.461358651490439,0.5261444810639847,0.3761444810639847,正常市場,1.0,1.9997894382462469,0.5,transition,2.0547387355888245,683.8043029785156,upward
2026-01-08,689.510009765625,0.4450519810026696,0.5257689610511058,0.3757689610511058,正常市場,1.0,1.9995864162559005,0.5,transition,2.0546344353210655,684.2284240722656,upward
2026-01-09,694.0700073242188,0.4489168097276442,0.5257689610511058,0.3757689610511058,正常市場,1.0,2.0128104580351103,0.5,transition,2.061428483178363,684.6547088623047,upward
2026-01-12,695.1599731445312,0.4485167872126946,0.5257689610511058,0.3757689610511058,正常市場,1.0,2.015971370592741,0.5,transition,2.063047114270308,685.0557312011719,upward
2026-01-13,693.77001953125,0.4406013831452137,0.5257689610511058,0.3757689610511058,正常市場,1.0,2.0119404902212032,0.5,transition,2.0609846107447685,685.7566619873047,upward
2026-01-14,690.3599853515625,0.4358425089336873,0.5257689610511058,0.3757689610511058,正常市場,1.0,2.002051354562405,0.5,transition,2.0559195115270206,686.3384399414062,upward
2026-01-15,692.239990234375,0.4220281202263988,0.5248266558667614,0.37482665586676134,正常市場,1.0,2.007503388866366,0.5,transition,2.0587188762080224,687.1069427490235,upward
2026-01-16,691.6599731445312,0.4222662760546876,0.5246539523585314,0.3746539523585314,正常市場,1.0,2.0058213330910744,0.5,transition,2.0578563919913995,688.2188446044922,upward
2026-01-20,677.5800170898438,0.4408805235735777,0.5246539523585314,0.3746539523585314,正常市場,1.0,1.964989309669104,0.5,transition,2.036910747678365,688.3739990234375,downward
2026-01-21,685.4000244140625,0.4567013063338691,0.5242488773897809,0.37424887738978085,正常市場,1.0,1.9876674146988549,0.5,transition,2.0486648258417364,688.6144989013671,downward
2026-01-22,688.97998046875,0.4582768314969734,0.5242488773897809,0.37424887738978085,正常市場,1.0,1.9980493256158256,0.5,transition,2.0540150810110203,688.8219970703125,upward
2026-01-23,689.22998046875,0.4546482410944031,0.5242488773897809,0.37424887738978085,正常市場,1.0,1.998774328294516,0.5,transition,2.054387736084324,688.8854949951171,upward
2026-01-26,692.72998046875,0.4577717421097448,0.5242488773897809,0.37424887738978085,正常市場,1.0,2.008924365796183,0.5,transition,2.059603960914971,689.0029937744141,upward
2026-01-27,695.489990234375,0.4562486337713597,0.5242488773897809,0.37424887738978085,正常市場,1.0,2.016928423689343,0.5,transition,2.0637069499624485,689.2619934082031,upward
2026-01-28,695.4199829101562,0.4545853766401387,0.5242488773897809,0.37424887738978085,正常市場,1.0,2.016725401698997,0.5,transition,2.0636030846275286,689.640493774414,upward
2026-01-29,694.0399780273438,0.4482363802829133,0.5242488773897809,0.37424887738978085,正常市場,1.0,2.0127233727524168,0.5,transition,2.061555557663279,689.9919921875,upward
2026-01-30,691.969970703125,0.44578956696212,0.5242488773897809,0.37424887738978085,正常市場,1.0,2.006720329332546,0.5,transition,2.058481213793509,690.4944915771484,upward
2026-02-02,695.4099731445312,0.4418314633373034,0.5242488773897809,0.37424887738978085,正常市場,1.0,2.016696373271432,0.5,transition,2.06359789565894,691.1064910888672,upward
2026-02-03,689.530029296875,0.431003181801968,0.5242488773897809,0.37424887738978085,正常市場,1.0,1.9996444731110303,0.5,transition,2.0548736608771545,691.1969940185547,downward
2026-02-04,686.1900024414062,0.4190383327526186,0.5242488773897809,0.37424887738978085,正常市場,1.0,1.9899583594425787,0.5,transition,2.049896841217158,690.9159942626953,downward
2026-02-05,677.6199951171875,0.4334501477391293,0.5242488773897809,0.37424887738978085,正常市場,1.0,1.965105246376756,0.5,transition,2.0370959909565745,690.3179931640625,downward
2026-02-06,690.6199951171875,0.4699678987640526,0.5242488773897809,0.37424887738978085,正常市場,1.0,2.0028053856686614,0.5,transition,2.0566366244039798,690.3734924316407,upward
2026-02-09,693.9500122070312,0.4696029117149664,0.5242488773897809,0.37424887738978085,正常市場,1.0,2.0124624709095484,0.5,transition,2.0615949481965754,690.3674926757812,upward
2026-02-10,692.1199951171875,0.4748352858139977,0.5242488773897809,0.37424887738978085,正常市場,1.0,2.007155401740804,0.5,transition,2.0588766299307277,690.2154937744141,upward
2026-02-11,691.9600219726562,0.4625863628686738,0.5242488773897809,0.37424887738978085,正常市場,1.0,2.0066914779075895,0.5,transition,2.0586386907214753,690.1249938964844,upward
2026-02-12,681.27001953125,0.4836157666482527,0.5242488773897809,0.37424887738978085,過渡市場,0.5,1.991190917097135,0.5,transition,2.042736866966507,689.6704956054688,downward
2026-02-13,681.75,0.4734458846949853,0.5242488773897809,0.37424887738978085,正常市場,1.0,1.992593786330125,0.5,transition,2.0434564596176075,689.14599609375,downward
2026-02-17,682.8499755859375,0.4749679242479859,0.5242488773897809,0.37424887738978085,正常市場,1.0,1.9958087544528296,0.5,transition,2.0451049760946924,688.7054962158203,downward
2026-02-18,686.2899780273438,0.4779602871175018,0.5242488773897809,0.37424887738978085,正常市場,1.0,2.005863066868974,0.5,transition,2.0502563024198204,689.1409942626954,downward
2026-02-19,684.47998046875,0.4583337398462346,0.5242488773897809,0.37424887738978085,正常市場,1.0,2.000572872679716,0.5,transition,2.0475526647297158,689.0949920654297,downward
2026-02-20,689.4299926757812,0.450343464891306,0.5242488773897809,0.37424887738978085,正常市場,1.0,2.0150405860144995,0.5,transition,2.0549563952800307,689.1174926757812,upward
